779e3ce4-f6c5-46a3-b31a-151cd13eb727;falar;sprechen;Eu gosto de falar com você.;8;Unit 1;A
2eba79f5-ce70-4f2f-b507-e3c29f080194;comer;essen;Ela quer comer agora.;8;Unit 1;A
53e6750d-0b96-48c9-a013-7ea8eacc4ac6;beber;trinken;Nós vamos beber água.;8;Unit 1;A
945dba32-cfcb-472f-85a7-81112becb61e;abrir;öffnen;Pode abrir a porta?;8;Unit 1;A
b0b27721-c9c9-458c-a3b0-72f53e48ccc7;fechar;schließen;Vou fechar a janela.;8;Unit 1;A
fabba680-d29f-4829-93a0-29861d47691e;andar;gehen;Eles gostam de andar pela cidade.;8;Unit 1;A
a2bd146c-ab51-47b5-bdbe-cf416ae5c51c;ver;sehen;Posso ver o documento?;8;Unit 1;A
9639d35e-44dd-44d1-a344-8aeb076d2962;ouvir;hören;Quero ouvir a música nova.;8;Unit 1;A
07aec088-23f5-477e-8c93-768916385d2d;escrever;schreiben;Ela vai escrever uma carta.;8;Unit 1;A
470ba38c-7e63-4b84-b938-3a07de682b2e;ler;lesen;Gosto de ler antes de dormir.;8;Unit 1;A
385d22f3-dbc9-4a3b-b69a-4ea6a8672c1d;dormir;schlafen;Ele precisa dormir mais cedo.;8;Unit 1;A
94236f4d-499c-47e9-8802-0ac22ac17e47;trabalhar;arbeiten;Vou trabalhar amanhã.;8;Unit 1;A
38534dd4-8b13-40a5-a58e-ef44d63129f1;estudar;lernen;Eles vão estudar para o teste.;8;Unit 1;A
7f35488f-1533-4d1c-8158-ce51394f57d5;comprar;kaufen;Quero comprar um livro.;8;Unit 1;A
e7956829-e9b4-4c2b-bfbf-c3922bf2813f;vender;verkaufen;Ela vai vender o carro.;8;Unit 1;A
fd6c1633-de69-4f5a-aae7-1787fb12e443;chamar;rufen;Pode chamar o João?;8;Unit 1;A
0b0a1421-9225-4f63-a5d3-0d0294660032;esperar;warten;Preciso esperar um minuto.;8;Unit 1;A
c49dcf20-00bd-4f13-a022-8ce7029b6929;sentir;fühlen;Estou a sentir muito frio.;8;Unit 1;A
76a7ef61-fbbf-4852-b5d0-050f0ad5ad81;correr;laufen;Eles gostam de correr no parque.;8;Unit 1;A
e5270cc0-49ca-4144-8935-1177f4100619;jogar;spielen;Vamos jogar futebol hoje.;8;Unit 1;A